{
  "best_model": "RandomForestRegressor",
  "train_metrics": {
    "rmse": 11.621193681936717,
    "mae": 4.152650263309509,
    "r2": 0.8818743883429163
  },
  "test_metrics": {
    "rmse": 11.095089556630606,
    "mae": 4.0341781186238785,
    "r2": 0.8916360319453434
  },
  "validation_results": [
    {
      "name": "RandomForestRegressor",
      "cv_rmse_scores": [
        11.492517066367403,
        11.606269032229845,
        11.499230329320259,
        11.212431532280592,
        12.76641596604971,
        10.524307295999177,
        12.167482468034976,
        10.605006478423325,
        12.31120537190751,
        12.673521601012322,
        11.243681446286757,
        11.205842386308724,
        12.430723964873582,
        12.137984954021464,
        11.471644170685426
      ],
      "cv_mae_scores": [
        4.056076839880115,
        4.2200813453714865,
        4.166813406482167,
        4.100886416233286,
        4.375225881488104,
        3.9775135819288843,
        4.212772203388031,
        3.9800255505397195,
        4.289811707685106,
        4.403957426951889,
        4.123360706847039,
        4.069340703402481,
        4.30478755101283,
        4.264787729701349,
        4.205751161649718
      ],
      "cv_r2_scores": [
        0.8831354166704617,
        0.880190437012969,
        0.8846763697645128,
        0.8918200264394207,
        0.8585784007491122,
        0.9019807847660152,
        0.8719427210449614,
        0.8984879933773531,
        0.8695504820580636,
        0.8615665175086844,
        0.887538866426054,
        0.8924388780798009,
        0.8659363616800204,
        0.8677025082519418,
        0.8863417963042995
      ],
      "cv_rmse_mean": 11.689884270920073,
      "cv_rmse_std": 0.6978051115777292,
      "cv_r2_mean": 0.8801258373422447,
      "cv_r2_std": 0.013548207571447052,
      "val_rmse": 10.996226092286012,
      "val_r2": 0.8946663618484154,
      "test_rmse": 11.095089556630606,
      "test_r2": 0.8916360319453434
    }
  ],
  "avg_r2": 0.8931511968968794
}