{
  "best_model": "RandomForestRegressor",
  "train_metrics": {
    "rmse": 11.607063687461315,
    "mae": 4.166697866783172,
    "r2": 0.8821614672030067
  },
  "test_metrics": {
    "rmse": 11.073124141990405,
    "mae": 4.0427830966356355,
    "r2": 0.8920646726207367
  },
  "validation_results": [
    {
      "name": "RandomForestRegressor",
      "cv_rmse_scores": [
        11.542905665767353,
        11.602077083738747,
        11.507020538243907,
        11.135931615377977,
        12.760254539183896,
        10.602484371961888,
        12.247610105579527,
        10.610411693739323,
        12.323836619123298,
        12.669232960148571,
        11.311225735282248,
        11.182054357200869,
        12.472077051497049,
        12.101538451132162,
        11.4806201698213
      ],
      "cv_mae_scores": [
        4.086160645511561,
        4.218108336302886,
        4.194804148418863,
        4.095633407426292,
        4.388855310787203,
        4.011890228380346,
        4.275538616108334,
        3.9781361326356888,
        4.334584528253718,
        4.3981203522249706,
        4.127465703525787,
        4.0817475850975455,
        4.332225724554416,
        4.2350303445387425,
        4.197115248607608
      ],
      "cv_r2_scores": [
        0.8821083915325012,
        0.8802769669420543,
        0.8845200637407709,
        0.8932911662428182,
        0.8587148757899319,
        0.9005191557613543,
        0.8702505528626939,
        0.8983844886629047,
        0.8692826633761608,
        0.8616601917150901,
        0.8861836299882357,
        0.8928950599912127,
        0.86504290338422,
        0.8684958099074145,
        0.8861638627753957
      ],
      "cv_rmse_mean": 11.70328539718654,
      "cv_rmse_std": 0.6948145162992252,
      "cv_r2_mean": 0.8798526521781839,
      "cv_r2_std": 0.013517712975526269,
      "val_rmse": 10.99441045817647,
      "val_r2": 0.8947011431553602,
      "test_rmse": 11.073124141990405,
      "test_r2": 0.8920646726207367
    }
  ],
  "avg_r2": 0.8933829078880484
}