{
  "best_model": "RandomForestRegressor",
  "train_metrics": {
    "rmse": 11.400790867266105,
    "mae": 4.16420744225313,
    "r2": 0.8893877629170024
  },
  "test_metrics": {
    "rmse": 12.849522626062974,
    "mae": 4.4621159949185625,
    "r2": 0.8590476459856837
  },
  "validation_results": [
    {
      "name": "RandomForestRegressor",
      "cv_rmse_scores": [
        11.82435002196022,
        10.867294602240628,
        11.540237420211824,
        11.524268567738417,
        11.76301858677607,
        12.673986986553679,
        12.072110171433877,
        11.615397695947875,
        10.592244712134544,
        10.331984878497641,
        10.681516791869878,
        11.014578245084099,
        12.984873950912014,
        11.635026301553843,
        11.12592125795404
      ],
      "cv_mae_scores": [
        4.172422126778395,
        4.134503311961115,
        4.161677715610099,
        4.2522792467741874,
        4.381068736362973,
        4.365556885093991,
        4.36964963010835,
        4.195225776887027,
        4.145055132307023,
        3.9547242086758785,
        3.998861727370738,
        4.1664164737352,
        4.510810226527713,
        4.224927001461943,
        4.114624547339872
      ],
      "cv_r2_scores": [
        0.879548959234652,
        0.895316592388367,
        0.8836568583145683,
        0.8915884788500122,
        0.8860865700004471,
        0.8670737070805755,
        0.8772430429184841,
        0.8887138046058063,
        0.9036996086155565,
        0.9030702588811558,
        0.9006349328129856,
        0.8970345798328075,
        0.858693469609476,
        0.8835964794838423,
        0.8961762409259947
      ],
      "cv_rmse_mean": 11.483120679391243,
      "cv_rmse_std": 0.7439446015703047,
      "cv_r2_mean": 0.8874755722369819,
      "cv_r2_std": 0.01301189045524904,
      "val_rmse": 12.36033934693936,
      "val_r2": 0.8724035861360879,
      "test_rmse": 12.849522626062974,
      "test_r2": 0.8590476459856837
    }
  ],
  "avg_r2": 0.8657256160608858
}