{
  "best_model": "RandomForestRegressor",
  "train_metrics": {
    "rmse": 11.428107125549573,
    "mae": 4.161273024512496,
    "r2": 0.8888570747849707
  },
  "test_metrics": {
    "rmse": 12.885794026782444,
    "mae": 4.466846618705704,
    "r2": 0.85825076733802
  },
  "validation_results": [
    {
      "name": "RandomForestRegressor",
      "cv_rmse_scores": [
        11.840922597645294,
        10.865218892811836,
        11.613010237325035,
        11.512038119875097,
        11.763086049430017,
        12.721544821246109,
        12.090982125747452,
        11.642471928437354,
        10.623825649940514,
        10.296599204036069,
        10.679777666381263,
        10.974241236883453,
        13.008777225031928,
        11.62512356752315,
        11.086375334864302
      ],
      "cv_mae_scores": [
        4.184769203277273,
        4.129202688558148,
        4.1812857452201815,
        4.238222967955892,
        4.397060569873633,
        4.383010464185565,
        4.353663304214892,
        4.205090064427173,
        4.124709904034062,
        3.9842958465922496,
        4.009714237323044,
        4.164041827707571,
        4.544536260469614,
        4.217007528282404,
        4.141851485695071
      ],
      "cv_r2_scores": [
        0.8792110830934883,
        0.8953565787128738,
        0.882184910530583,
        0.8918184661787629,
        0.8860852633759122,
        0.8660742508855075,
        0.8768589386588426,
        0.8881944078739046,
        0.9031245104130209,
        0.9037330648739754,
        0.9006672866923794,
        0.8977873480053268,
        0.8581727410045236,
        0.88379454049873,
        0.8969129906236738
      ],
      "cv_rmse_mean": 11.489599643811925,
      "cv_rmse_std": 0.7601505978682565,
      "cv_r2_mean": 0.8873317587614337,
      "cv_r2_std": 0.0133656087112053,
      "val_rmse": 12.324284348594555,
      "val_r2": 0.8731468956149002,
      "test_rmse": 12.885794026782444,
      "test_r2": 0.85825076733802
    }
  ],
  "avg_r2": 0.8656988314764601
}