{
  "best_model": "RandomForestRegressor",
  "train_metrics": {
    "rmse": 11.630678973594998,
    "mae": 4.1543165230088315,
    "r2": 0.8816814799083543
  },
  "test_metrics": {
    "rmse": 11.101218653805873,
    "mae": 4.040225995348078,
    "r2": 0.8915162750498526
  },
  "validation_results": [
    {
      "name": "RandomForestRegressor",
      "cv_rmse_scores": [
        11.494398217171277,
        11.665313338168263,
        11.466910638129596,
        11.159382140951335,
        12.730075960124754,
        10.58237127495025,
        12.208067022418636,
        10.606486681296573,
        12.334123270709238,
        12.702984804645752,
        11.244208570812008,
        11.18911157373857,
        12.43004355025019,
        12.208800969939645,
        11.522471389494944
      ],
      "cv_mae_scores": [
        4.065966507387588,
        4.230513624183869,
        4.1870759850608446,
        4.095633808076758,
        4.391217709427869,
        4.036160779542497,
        4.206515364179686,
        3.9947240668726907,
        4.312662376923827,
        4.387775493561358,
        4.111506294782322,
        4.109272869645068,
        4.273869415006934,
        4.281890151273639,
        4.202378895544136
      ],
      "cv_r2_scores": [
        0.8830971556183641,
        0.8789683274177263,
        0.8853237150474476,
        0.8928412688961915,
        0.8593823769367843,
        0.9008962315410094,
        0.8710870279891868,
        0.8984596541490089,
        0.8690643539448171,
        0.860922113363638,
        0.8875283214081202,
        0.8927598252213318,
        0.8659510376335263,
        0.8661542922647817,
        0.8853323981437174
      ],
      "cv_rmse_mean": 11.70298329352007,
      "cv_rmse_std": 0.6997038188158885,
      "cv_r2_mean": 0.8798512066383766,
      "cv_r2_std": 0.01364356950855771,
      "val_rmse": 11.008769327547613,
      "val_r2": 0.8944259196923428,
      "test_rmse": 11.101218653805873,
      "test_r2": 0.8915162750498526
    }
  ],
  "avg_r2": 0.8929710973710977
}