{
  "best_model": "RandomForestRegressor",
  "train_metrics": {
    "rmse": 11.417736906548159,
    "mae": 4.179383617025464,
    "r2": 0.8890586923442836
  },
  "test_metrics": {
    "rmse": 12.840079373904322,
    "mae": 4.467167461341001,
    "r2": 0.8592547446552719
  },
  "validation_results": [
    {
      "name": "RandomForestRegressor",
      "cv_rmse_scores": [
        11.80462401620447,
        10.912708165949812,
        11.573149575399578,
        11.522198633690847,
        11.778277142537851,
        12.710332754418722,
        12.066277661407877,
        11.650274410675921,
        10.624908900069373,
        10.352081674285557,
        10.690682156006568,
        10.958888856620499,
        13.021156688869704,
        11.632904709701027,
        11.10359861372893
      ],
      "cv_mae_scores": [
        4.172743637401093,
        4.15630580199297,
        4.166651004333738,
        4.229465319474273,
        4.351819545339709,
        4.399426421660892,
        4.3506724794070095,
        4.205904199137626,
        4.176025648356513,
        3.9761562807504136,
        4.053591149076422,
        4.109298765144104,
        4.537501450609452,
        4.208586078966924,
        4.12231433101853
      ],
      "cv_r2_scores": [
        0.8799505095980402,
        0.8944398369184174,
        0.882992302881897,
        0.8916274200711767,
        0.8857908496892227,
        0.8663102163697751,
        0.877361631667837,
        0.8880444992515795,
        0.9031047537377669,
        0.9026928150993246,
        0.9004643376128583,
        0.8980731281058932,
        0.8579026801374262,
        0.8836389268730109,
        0.8965924394208641
      ],
      "cv_rmse_mean": 11.493470930637782,
      "cv_rmse_std": 0.7487380326577937,
      "cv_r2_mean": 0.8872657564956727,
      "cv_r2_std": 0.013159667492283113,
      "val_rmse": 12.341448184992306,
      "val_r2": 0.8727933169397466,
      "test_rmse": 12.840079373904322,
      "test_r2": 0.8592547446552719
    }
  ],
  "avg_r2": 0.8660240307975092
}