{
  "best_model": "RandomForestRegressor",
  "train_metrics": {
    "rmse": 11.40390882364834,
    "mae": 4.164309922228529,
    "r2": 0.8893272528532589
  },
  "test_metrics": {
    "rmse": 12.839617932568556,
    "mae": 4.456960709643793,
    "r2": 0.859264860560282
  },
  "validation_results": [
    {
      "name": "RandomForestRegressor",
      "cv_rmse_scores": [
        11.818532649773244,
        10.889724880427835,
        11.553570469042864,
        11.523367819012886,
        11.766644323996708,
        12.671993086185742,
        12.07681021309991,
        11.66913950391588,
        10.580716207984059,
        10.30375003465779,
        10.691548778129402,
        10.976202126643853,
        12.981287397882358,
        11.590302046255744,
        11.078676099595361
      ],
      "cv_mae_scores": [
        4.192746818719629,
        4.122804588966925,
        4.138103498441538,
        4.233744254186112,
        4.3524388622666255,
        4.3904979522596745,
        4.380788783344039,
        4.218810231323451,
        4.146915179981574,
        3.9601719545637732,
        4.011818748671571,
        4.1999652099140246,
        4.524742762552558,
        4.234388001477981,
        4.090215114161923
      ],
      "cv_r2_scores": [
        0.8796674496658391,
        0.8948840098042979,
        0.8833878682011664,
        0.891605425300481,
        0.8860163356787003,
        0.8671155283221714,
        0.8771474382363669,
        0.8876816303799773,
        0.9039091195032589,
        0.9035993066162109,
        0.9004481995775058,
        0.897750817798877,
        0.8587715194041062,
        0.8844896540691843,
        0.8970561240670548
      ],
      "cv_rmse_mean": 11.478151042440242,
      "cv_rmse_std": 0.7492889035434501,
      "cv_r2_mean": 0.8875686951083466,
      "cv_r2_std": 0.013096868700328463,
      "val_rmse": 12.354596023461635,
      "val_r2": 0.8725221358299091,
      "test_rmse": 12.839617932568556,
      "test_r2": 0.859264860560282
    }
  ],
  "avg_r2": 0.8658934981950955
}