{
  "best_model": "RandomForestRegressor",
  "train_metrics": {
    "rmse": 11.630678973594998,
    "mae": 4.1543165230088315,
    "r2": 0.8816814799083543
  },
  "test_metrics": {
    "rmse": 11.101218653805873,
    "mae": 4.040225995348078,
    "r2": 0.8915162750498526
  },
  "val_metrics": {
    "rmse": 11.008769327547613,
    "mae": 4.009032194753468,
    "r2": 0.8944259196923428
  },
  "all_models_metrics": {
    "Ridge": {
      "train": {
        "rmse": 13.15831875114594,
        "mae": 6.490763993683621,
        "r2": 0.8485590249989572
      },
      "test": {
        "rmse": 12.773681894921593,
        "mae": 6.328833279951158,
        "r2": 0.8563665908219987
      }
    },
    "LinearRegression": {
      "train": {
        "rmse": 12.379013489319199,
        "mae": 4.720071675562139,
        "r2": 0.8659660970500876
      },
      "test": {
        "rmse": 11.8622272161589,
        "mae": 4.572964270085564,
        "r2": 0.8761329620372232
      }
    },
    "kNN": {
      "train": {
        "rmse": 0.03281360847983178,
        "mae": 0.0038737903977573533,
        "r2": 0.9999990582175882
      },
      "test": {
        "rmse": 19.787957162798445,
        "mae": 10.924439036637912,
        "r2": 0.6553127664130138
      }
    },
    "RegressionTree": {
      "train": {
        "rmse": 9.564902138585197,
        "mae": 2.8237606280310907,
        "r2": 0.9199790590867691
      },
      "test": {
        "rmse": 11.63514079442617,
        "mae": 3.472444529861124,
        "r2": 0.8808301037301546
      }
    },
    "RandomForestRegressor": {
      "train": {
        "rmse": 11.630678973594998,
        "mae": 4.1543165230088315,
        "r2": 0.8816814799083543
      },
      "test": {
        "rmse": 11.101218653805873,
        "mae": 4.040225995348078,
        "r2": 0.8915162750498526
      }
    }
  },
  "split_paths": {
    "train": "artifacts/eval/splits/train.csv",
    "val": "artifacts/eval/splits/val.csv",
    "test": "artifacts/eval/splits/test.csv"
  }
}