{
  "best_model": "RandomForestRegressor",
  "train_metrics": {
    "rmse": 11.400790867266105,
    "mae": 4.16420744225313,
    "r2": 0.8893877629170024
  },
  "test_metrics": {
    "rmse": 12.849522626062974,
    "mae": 4.4621159949185625,
    "r2": 0.8590476459856837
  },
  "val_metrics": {
    "rmse": 12.36033934693936,
    "mae": 4.357264980225844,
    "r2": 0.8724035861360879
  },
  "all_models_metrics": {
    "Ridge": {
      "train": {
        "rmse": 13.11332675858321,
        "mae": 6.669394601980391,
        "r2": 0.8536613704075171
      },
      "test": {
        "rmse": 14.52212688645969,
        "mae": 7.069044815271487,
        "r2": 0.8199642299712163
      }
    },
    "LinearRegression": {
      "train": {
        "rmse": 12.26795975050427,
        "mae": 4.765348296214293,
        "r2": 0.8719210075834748
      },
      "test": {
        "rmse": 13.599966674783397,
        "mae": 5.110267407622686,
        "r2": 0.8421029432171355
      }
    },
    "kNN": {
      "train": {
        "rmse": 0.022135409828723116,
        "mae": 0.003420202963902023,
        "r2": 0.9999995830265991
      },
      "test": {
        "rmse": 21.0118134339322,
        "mae": 11.734083577336113,
        "r2": 0.6231006239931738
      }
    },
    "RegressionTree": {
      "train": {
        "rmse": 9.201674603270972,
        "mae": 2.7410454408429206,
        "r2": 0.9279445291968075
      },
      "test": {
        "rmse": 13.402323096397499,
        "mae": 3.900662652083258,
        "r2": 0.8466589215315088
      }
    },
    "RandomForestRegressor": {
      "train": {
        "rmse": 11.400790867266105,
        "mae": 4.16420744225313,
        "r2": 0.8893877629170024
      },
      "test": {
        "rmse": 12.849522626062974,
        "mae": 4.4621159949185625,
        "r2": 0.8590476459856837
      }
    }
  },
  "split_paths": {
    "train": "artifacts/eval/splits/train.csv",
    "val": "artifacts/eval/splits/val.csv",
    "test": "artifacts/eval/splits/test.csv"
  }
}